"""La ipertensione potrebbe avere diverse conseguenze, ma soprattutto i segnali sottostanti a una pressione alta possono essere: 

1. Vomito e pancia rovinato

2. Pianoreco e dolori abdominali
3. Dolori muscolari e artrose.
4. Sinfonia del cuore, in un'ipertensione grave.

Questa condizione può causare interruzioni durante il volo di fluttuazione o la mancanza d'air durante la flight. Certo, l'efferito è pericoloso a causa delle fiamme e dei colpi sull'anestetica. Ecco una lista aggiornata che potrebbe essere utile:

1. Sfrutto
2. Insufficienza
3. Insufficienza

Puoi controllare i tuoi dati di imputazione per ottenere ulteriori informazioni su questo topic.""" "L'ipertensione non controllata può portare a gravi complicanze, tra cui: ictus, infarto, insufficienza cardiaca, malattie renali, problemi alla vista e aneurisma.  È fondamentale monitorare e gestire la pressione sanguigna per ridurre questi rischi."
