"""La genetica è chiaramente legata alla probabilità di soffrire da certi tipi di cancro. In particolare, sebbene non si possa garantire un pronostico preciso a causa della naturale incertezza in medicina, ci sono alcune informazioni utili che puoi avere:

- I geni possono contribuire al rischio di soffrire da certi tipi di cancro. Ad esempio, la presenza di specifiche varianti del DNA può aumentare o diminuire il rischio.
  
- Tuttavia, non tutte le condizioni genetiche sono responsabili del tipo di cancro che si manifesta in un determinato individuo. La genesia del cancro è spesso indotta anche da fattori ambientali e lifestyle.

- Per esempio, ci sono una serie di geni specifici associati alla forma di cancro colore (gli essereti) o alla localizzazione degli tumori (alle loro clonazioni).

- Inoltre, l'addestramento del corpo a rispondere alle condizioni eccessive può influire sul rischio. Per esempio, una dieta basata su zucchero è stata associata a aumentare il rischio di cancro.

Ricorda che un'infinità di fattori interagiscono per determinare la probabilità o la presenza di certe condizioni medicali come l'ottusità del cancro. Ecco, in queste informazioni, ci sono solo buone indicazioni e non dovresti mai considerarti informato a sufficienza per decidere il trattamento.

Se hai altre domande sulle tue specifiche condizioni o se sei un paziente di cancro, vorrei assicurarmi che le informazioni siano corrette e aggiungano valore alla tua cura.""" "La genetica può influenzare significativamente il rischio di sviluppare alcuni tipi di cancro. Alcuni geni, quando mutati o ereditati in forme specifiche, possono aumentare la predisposizione a certi tumori.  Consulti il suo medico per una valutazione più precisa del suo rischio individuale, soprattutto se ha una storia familiare di cancro."
