"""Ciao! Come medico, posso affermare che l'ipertensione è una condizione cardiovascolare che può aumentare il rischio di malattie cardiache e di altri problemi della salute. I fattori di rischio per l'ipertensione possono essere diversi e possono includere:

* Età: la pressione sanguigna tende ad aumentare con l'eta, quindi gli anziani sono più a rischio.
* Genetica: se nella tua famiglia ci sono storia di ipertensione, aumenti il tuo rischio di sviluppare questa condizione.
* Eccessivo ingaggio di sodio within the diet: un'alimentazione eccessivamente ricca di sodio può aumentare la pressione sanguigna.
* Mancanza di attività fisica: una vita sedentaria possono aumentare il rischio di ipertensione.
* Obesità: essere in sovrappeso aumenta il rischio di ipertensione.
* Stress: lo stress crontico può aumentare la pressione sanguigna a lungo termine.
* Usi di farmaci: alcuni farmaci, come gli steroidi e gli antiinflammatori non stagionali, possono aumentare il rischio di ipertensione.

Sono importante monitorare regolarmente la pressione sanguigna e la frequenza cardiaca per individuare eventuali problemi di salute in tempo utile per intervenire preventivamente. Se hai altre domande o desideri discutere la tua condizione, non esitare a chiedere!""" "I principali fattori di rischio per l'ipertensione includono l'età avanzata, familiarità con l'ipertensione, una dieta ricca di sodio, obesità, mancanza di attività fisica, consumo di alcol e tabacco, stress e alcune condizioni mediche come diabete e problemi renali."
